stop_id,cluster
0,4
1,6
2,3
3,6
4,1
5,1
6,6
7,3
8,1
9,3
10,1
11,6
12,6
13,3
14,1
15,7
16,7
17,7
18,1
19,1
20,7
21,3
23,8
24,4
25,8
26,6
27,8
28,0
29,6
30,2
31,2
32,2
33,0
34,0
35,0
36,6
37,6
38,0
39,0
40,0
41,3
42,8
43,8
44,8
45,0
46,2
47,2
48,5
49,0
50,3
51,0
52,0
53,4
55,8
56,8
57,3
58,6
59,0
60,6
61,6
62,3
63,6
64,0
65,0
66,8
67,5
68,3
69,6
70,9
71,3
72,3
73,7
74,1
75,1
76,7
77,7
78,7
79,7
80,1
81,7
82,7
83,3
84,1
85,7
86,7
87,3
88,6
89,1
90,7
91,3
92,9
93,9
94,9
95,9
96,3
97,7
98,7
99,1
100,7
101,7
102,7
103,7
104,7
105,9
106,9
107,4
108,5
109,5
110,5
111,2
112,3
113,0
114,6
115,0
116,3
117,6
118,6
119,6
120,6
121,6
122,0
123,0
124,1
125,6
126,0
127,6
128,0
129,8
130,8
131,0
132,4
133,2
134,2
135,8
136,0
137,3
138,3
139,6
140,9
141,3
142,4
143,7
144,7
145,8
146,8
147,9
148,5
149,2
150,8
151,8
152,8
153,8
154,8
155,8
156,4
157,6
158,8
159,8
160,8
161,1
162,8
163,8
164,8
165,8
166,8
167,8
168,0
169,8
170,8
171,8
172,0
173,8
174,1
175,3
176,3
177,6
178,8
179,8
180,2
181,4
182,0
183,6
184,0
185,0
186,3
187,7
188,1
189,0
190,0
191,8
192,3
193,7
194,7
195,2
196,2
197,2
198,6
199,6
200,3
201,0
202,0
203,8
204,1
205,1
206,9
207,1
208,1
209,9
210,9
211,9
212,9
213,9
214,9
215,7
216,1
217,1
218,7
219,1
220,1
221,1
222,1
223,1
224,1
225,1
226,1
227,1
228,0
229,0
230,0
231,0
232,8
233,5
234,2
235,0
236,0
237,0
238,8
239,5
240,6
241,5
242,4
243,6
244,3
245,5
246,2
247,0
248,4
249,4
250,8
251,8
252,1
253,1
254,9
255,9
256,9
257,9
258,1
259,9
260,1
261,9
262,1
263,1
264,7
265,7
266,9
267,7
268,7
269,9
270,6
271,7
272,1
273,1
274,1
275,7
276,7
277,7
278,7
279,7
280,7
281,7
282,1
283,7
284,7
285,7
286,1
287,1
288,1
289,1
290,1
291,1
292,1
293,6
294,4
295,4
296,4
297,4
298,8
299,8
300,5
301,1
302,1
303,1
304,7
305,7
306,7
307,9
308,9
309,9
310,7
311,7
312,7
313,7
314,6
315,6
316,6
317,6
318,6
319,6
320,6
321,0
322,6
323,6
324,6
325,4
326,4
327,4
328,0
329,6
330,8
331,8
332,0
333,9
334,0
335,0
336,2
337,2
338,6
339,4
340,6
341,6
342,6
343,6
344,3
345,6
346,7
347,8
348,0
349,0
350,3
351,6
352,3
353,0
354,4
355,8
356,5
357,5
358,5
359,2
360,1
361,9
362,9
363,9
364,9
365,1
366,1
368,1
370,3
371,3
372,6
373,4
374,6
375,0
376,8
377,8
378,4
379,4
380,0
381,8
382,0
383,2
384,4
385,4
386,0
387,6
388,6
389,6
390,0
391,7
392,4
393,4
394,6
395,4
396,4
397,4
398,2
399,6
400,7
401,8
402,0
403,0
404,0
405,0
406,0
407,6
408,0
409,1
410,3
411,3
412,0
413,6
414,6
415,3
416,6
417,0
418,0
419,0
420,3
421,3
422,3
423,9
424,3
425,9
426,7
427,3
428,7
429,9
430,1
431,7
432,9
433,1
434,1
435,7
436,1
437,9
438,1
439,1
440,7
441,0
442,1
443,0
444,3
445,3
446,6
447,6
448,4
451,6
452,6
453,6
454,6
455,6
456,2
457,6
458,4
459,6
460,6
461,6
462,6
463,6
464,6
465,6
466,8
467,0
468,3
469,0
470,3
471,3
472,3
473,7
474,7
475,9
476,3
477,6
478,6
479,6
480,6
481,6
482,6
483,8
484,6
485,6
486,6
487,6
488,5
489,4
490,0
491,0
492,0
493,0
494,1
495,1
496,1
497,1
498,7
499,1
500,1
501,1
502,1
503,1
504,1
505,7
506,7
507,3
508,3
509,3
510,8
511,4
512,6
513,6
514,3
515,8
516,6
517,6
518,6
519,0
520,0
521,4
522,4
523,8
524,4
525,2
526,2
527,2
528,4
529,4
530,8
531,0
532,8
533,8
534,4
535,8
536,7
537,7
538,7
539,7
540,3
541,7
542,8
543,3
544,6
545,1
546,9
547,7
548,7
549,7
550,7
551,1
552,1
553,1
554,1
555,1
556,7
557,9
558,3
559,1
560,3
561,3
562,3
563,3
564,3
565,3
566,3
567,3
568,3
569,7
570,1
571,1
572,1
573,9
574,7
575,3
576,3
577,9
578,1
579,6
580,3
581,7
582,7
583,8
584,8
585,8
586,8
587,6
588,6
589,6
590,6
591,7
592,1
593,1
594,9
595,7
596,1
597,9
598,1
599,1
600,1
601,1
602,1
603,1
604,9
605,1
606,9
607,1
608,1
609,1
610,7
611,1
612,8
613,7
614,7
615,7
616,7
617,6
618,0
619,9
620,6
621,6
622,1
623,1
624,6
625,6
626,6
627,1
628,3
629,0
630,8
631,0
632,2
633,2
634,4
635,7
636,3
637,0
638,0
639,6
640,6
641,4
642,3
643,1
644,3
645,3
646,7
647,1
648,3
649,3
650,1
651,4
652,4
653,8
654,6
655,0
656,4
657,4
658,4
659,4
660,4
661,0
662,0
663,7
664,2
665,7
666,1
667,1
668,4
669,0
670,0
671,4
672,8
673,8
674,8
675,6
676,6
677,6
678,0
679,0
680,3
681,0
682,0
683,0
684,6
685,3
686,3
687,3
689,8
690,0
692,6
693,9
694,9
695,9
696,9
697,9
698,9
699,9
700,9
701,9
702,9
703,9
704,9
705,9
706,8
707,7
708,3
709,3
710,6
711,4
712,0
713,3
714,3
715,0
716,0
717,0
718,0
719,8
720,8
721,4
722,6
723,6
724,0
725,0
726,0
727,0
728,0
729,2
730,5
731,2
732,5
733,4
734,8
735,8
736,8
737,0
738,3
739,2
740,4
741,4
742,2
743,2
744,2
745,2
746,2
747,1
748,2
749,5
750,2
751,0
752,1
753,3
754,7
755,1
756,7
757,9
758,7
759,1
760,1
761,1
762,7
763,3
764,7
765,6
766,7
767,7
768,9
769,9
770,4
771,8
772,0
773,8
774,6
775,0
776,6
777,6
778,6
779,7
780,0
781,0
782,8
783,5
785,2
786,6
787,6
788,3
789,7
790,8
791,8
792,0
793,0
794,7
795,3
796,6
797,8
798,8
799,8
800,8
801,4
802,4
803,4
804,2
805,8
806,4
807,8
808,4
809,6
810,1
811,7
812,7
813,1
814,1
815,1
816,1
817,1
818,8
819,8
820,1
821,4
822,4
823,4
824,5
825,2
826,2
828,7
829,8
830,5
831,1
832,8
833,4
834,7
835,8
836,6
837,3
838,3
839,7
840,6
841,0
842,4
843,8
844,9
845,3
846,3
847,3
848,3
849,0
850,6
851,7
852,7
853,7
854,7
855,1
856,6
857,6
858,6
859,6
860,3
861,3
862,3
863,3
864,7
865,4
866,6
867,6
868,0
869,3
870,3
871,0
872,8
873,8
874,8
875,4
876,4
877,0
878,6
879,6
880,6
881,0
882,0
883,7
884,0
885,3
886,3
887,1
888,3
889,0
890,0
891,6
892,0
893,8
894,8
895,7
896,7
898,7
899,1
900,3
901,8
902,8
903,8
904,6
905,0
906,8
907,8
908,8
909,8
910,8
911,8
915,4
916,8
918,0
919,0
920,3
921,6
922,9
923,9
924,9
925,9
926,9
927,1
928,1
929,1
930,1
931,1
932,1
933,1
934,7
935,1
936,0
937,4
938,9
939,6
940,6
941,6
942,6
943,6
944,1
945,3
946,9
947,9
948,1
949,1
950,1
951,4
952,4
953,4
954,4
955,4
957,5
958,5
959,4
960,2
961,2
962,2
963,6
964,6
966,9
967,7
968,7
969,7
970,3
971,3
972,7
973,0
974,6
975,6
976,3
977,7
978,7
979,6
980,6
981,3
982,6
983,6
984,6
985,6
986,6
987,0
988,8
989,0
990,0
991,0
992,4
993,4
994,4
995,6
996,4
997,8
998,6
999,0
1000,0
1001,7
1002,0
1003,7
1004,1
1005,1
1006,7
1007,7
1008,0
1009,3
1010,9
1011,7
1012,3
1013,3
1014,3
1015,3
1016,1
1017,3
1018,3
1019,3
1020,3
1021,1
1022,4
1023,8
1024,8
1025,7
1026,7
1027,7
1028,1
1029,1
1030,1
1031,1
1032,1
1033,8
1034,8
1035,2
1036,0
1038,3
1039,8
1040,0
1041,0
1042,3
1043,1
1044,3
1045,6
1046,6
1047,6
1048,3
1049,6
1050,0
1051,4
1052,8
1053,0
1054,6
1055,6
1056,7
1057,3
1058,6
1059,6
1060,7
1061,3
1062,6
1063,8
1064,6
1065,3
1066,3
1067,3
1070,1
1071,3
1072,7
1073,7
1074,3
1075,7
1076,7
1077,9
1078,1
1079,6
1080,0
1081,6
1082,8
1083,0
1084,0
1085,0
1086,0
1087,0
1088,0
1089,4
1090,2
1092,0
1093,6
1094,1
1095,9
1096,7
1097,9
1099,7
1100,6
1101,7
1102,7
1103,7
1104,3
1105,7
1107,0
1109,0
1110,3
1111,7
1112,3
1113,3
1114,2
1115,2
1116,7
1117,6
1118,0
1119,0
1120,7
1121,6
1122,6
1123,1
1124,6
1125,6
1126,3
1127,3
1128,3
1129,3
1130,3
1131,3
1132,1
1133,1
1134,3
1135,3
1136,3
1137,3
1138,3
1139,3
1140,9
1141,9
1142,9
1143,1
1144,1
1145,1
1146,1
1147,1
1148,6
1149,7
1150,7
1151,7
1152,9
1153,7
1154,7
1155,7
1156,1
1157,3
1158,7
1159,6
1160,6
1161,6
1162,6
1163,0
1164,3
1166,3
1167,3
1168,6
1169,7
1170,1
1171,1
1173,9
1174,1
1175,1
1176,7
1177,0
1178,3
1179,0
1180,3
1181,3
1182,7
1183,3
1184,7
1186,0
1187,0
1188,0
1189,0
1190,0
1191,0
1192,0
1193,0
1194,8
1195,8
1196,8
1197,8
1198,8
1199,1
1200,1
1201,1
1202,1
1203,1
1204,1
1205,1
1206,9
1207,9
1208,6
1209,1
1210,3
1211,6
1212,6
1213,1
1214,0
1215,3
1216,6
1217,3
1218,6
1219,6
1220,1
1221,6
1222,6
1223,7
1224,6
1225,1
1226,3
1227,1
1228,3
1229,3
1230,7
1231,0
1232,0
1233,6
1234,1
1235,7
1236,7
1237,7
1238,3
1239,7
1240,7
1241,7
1242,1
1243,8
1245,8
1246,3
1247,3
1248,3
1249,3
1250,3
1251,3
1252,7
1253,1
1254,1
1255,7
1256,9
1257,1
1258,9
1259,6
1260,7
1261,6
1262,3
1263,7
1264,3
1265,3
1266,3
1267,1
1268,3
1269,9
1270,1
1271,9
1272,1
1273,9
1274,9
1275,9
1276,3
1277,6
1278,7
1279,8
1280,0
1281,0
1282,0
1283,2
1284,2
1285,8
1286,4
1287,2
1288,6
1289,6
1290,6
1291,6
1292,0
1293,4
1294,2
1295,0
1296,4
1297,0
1298,8
1299,8
1300,8
1301,8
1302,8
1303,8
1304,4
1305,7
1306,4
1307,3
1308,9
1309,3
1310,3
1311,7
1312,7
1313,7
1314,7
1315,1
1316,1
1317,9
1318,9
1319,9
1320,1
1321,9
1322,9
1323,1
1324,1
1325,9
1327,7
1328,9
1329,7
1330,7
1331,1
1332,9
1333,9
1334,9
1335,9
1336,9
1337,9
1338,9
1339,9
1342,3
1343,3
1344,6
1345,3
1346,0
1347,3
1348,6
1349,6
1350,0
1352,6
1353,6
1354,6
1355,0
1356,3
1357,3
1358,9
1359,9
1360,3
1361,3
1362,3
1363,3
1364,3
1365,3
1366,6
1367,7
1368,3
1369,9
1370,1
1371,1
1372,3
1373,6
1374,3
1375,4
1376,4
1377,4
1378,4
1379,4
1380,7
1381,6
1382,9
1383,9
1384,9
1385,9
1386,9
1387,7
1388,7
1389,1
1390,9
1391,9
1392,3
1393,3
1394,3
1395,9
1396,7
1397,7
1398,7
1399,7
1400,7
1401,7
1402,9
1403,0
1404,3
1405,4
1406,2
1407,8
1408,4
1409,8
1410,8
1411,7
1412,0
1413,6
1414,6
1415,3
1416,9
1417,1
1418,9
1419,1
1420,3
1422,9
1423,7
1424,8
1425,4
1426,2
1427,2
1428,2
1429,2
1430,2
1431,2
1432,2
1433,2
1434,2
1436,2
1437,8
1438,2
1439,2
1440,5
1441,4
1442,3
1443,7
1444,0
1445,3
1446,3
1447,3
1448,3
1449,2
1451,3
1452,3
1453,3
1454,7
1455,7
1456,1
1457,3
1458,1
1459,7
1460,6
1461,3
1462,6
1463,6
1464,6
1465,4
1466,8
1467,0
1468,0
1469,0
1470,0
1471,0
1472,0
1473,6
1474,8
1475,8
1476,0
1477,7
1478,6
1479,6
1480,7
1481,8
1482,1
1483,2
1484,2
1485,2
1486,2
1487,2
1488,2
1489,2
1490,2
1491,4
1492,4
1493,8
1494,4
1495,4
1496,8
1497,3
1498,0
1499,0
1500,4
1501,8
1502,6
1503,6
1504,1
1505,7
1506,6
1507,6
1508,6
1509,6
1510,6
1511,7
1512,6
1513,3
1514,3
1515,3
1516,6
1517,3
1518,1
1519,9
1520,1
1521,3
1522,1
1523,3
1524,3
1525,3
1526,7
1527,1
1528,3
1529,8
1530,0
1531,8
1532,5
1533,0
1534,0
1535,0
1536,0
1537,8
1538,4
1539,0
1540,0
1541,0
1542,6
1543,0
1544,6
1545,6
1546,7
1549,7
1550,6
1551,6
1552,6
1553,6
1554,6
1555,6
1556,2
1557,7
1558,6
1561,4
1562,3
1563,1
1564,3
1565,3
1566,9
1567,9
1568,9
1569,3
1570,6
1571,8
1572,3
1573,7
1576,7
1577,7
1578,3
1579,0
1580,6
1583,4
1584,9
1585,6
1586,7
1587,9
1588,1
1589,7
1590,9
1591,9
1592,1
1593,1
1594,7
1595,7
1596,7
1597,9
1598,1
1599,1
1600,1
1601,1
1602,1
1603,1
1604,2
1605,2
1606,4
1607,4
1608,0
1609,0
1610,6
1611,6
1612,7
1613,6
1614,0
1615,3
1616,0
1618,1
1619,7
1620,1
1621,1
1622,7
1623,7
1624,7
1625,1
1626,1
1627,7
1628,7
1629,7
1631,7
1632,7
1633,1
1634,1
1635,1
1636,1
1637,6
1638,7
1639,3
1640,3
1641,4
1642,2
1643,2
1644,2
1645,3
1646,8
1647,7
1648,7
1649,1
1650,9
1651,1
1652,1
1653,9
1654,1
1656,6
1657,6
1658,7
1659,1
1660,1
1661,1
1662,1
1663,1
1664,1
1665,1
1666,3
1667,6
1668,1
1669,3
1672,8
1673,3
1674,1
1675,3
1676,3
1677,0
1678,0
1679,6
1680,1
1681,9
1682,9
1683,9
1684,3
1685,7
1687,6
1688,6
1689,3
1690,6
1691,7
1692,0
1693,0
1694,7
1695,6
1696,6
1697,0
1698,0
1699,6
1700,7
1701,8
1702,3
1703,3
1704,3
1705,3
1706,3
1707,3
1708,2
1709,2
1710,2
1711,2
1712,2
1713,2
1714,8
1715,4
1717,7
1718,0
1719,2
1720,4
1721,8
1722,3
1723,8
1724,8
1725,6
1727,6
1728,7
1732,9
1733,9
1734,1
1735,1
1736,7
1737,9
1738,3
1739,0
1740,0
1741,6
1742,0
1743,1
1744,3
1745,7
1746,3
1748,1
1749,3
1750,0
1751,8
1752,8
1753,8
1754,8
1755,8
1756,1
1757,1
1758,1
1759,1
1760,7
1761,7
1762,7
1763,3
1764,7
1765,7
1766,7
1767,6
1768,6
1769,6
1770,3
1771,4
1772,4
1773,2
1774,2
1775,3
1776,3
1777,6
1778,3
1779,3
1780,1
1781,4
1782,4
1783,7
1784,4
1785,2
1786,4
1787,0
1788,4
1789,8
1790,3
1791,8
1792,8
1793,3
1794,6
1795,3
1796,3
1797,3
1798,3
1800,7
1801,7
1802,7
1803,6
1804,8
1805,3
1806,1
1807,3
1808,1
1809,6
1810,9
1811,7
1812,1
1813,1
1814,9
1815,9
1816,1
1817,9
1818,2
1819,2
1820,4
1821,0
1822,9
1823,8
1824,3
1825,3
1826,3
1827,3
1828,3
1829,3
1830,3
1831,7
1832,1
1833,7
1834,7
1835,6
1836,1
1837,6
1838,3
1839,6
1840,1
1841,1
1842,1
1843,9
1844,9
1845,6
1846,6
1847,4
1848,8
1849,8
1850,4
1851,6
1852,6
1853,6
1854,0
1856,6
1857,0
1858,8
1859,2
1860,8
1861,0
1862,8
1863,0
1864,0
1865,6
1866,0
1867,6
1868,6
1869,6
1870,3
1871,6
1872,3
1873,3
1874,3
1875,3
1876,9
1877,9
1878,7
1880,8
1881,8
1882,0
1883,0
1884,1
1885,8
1886,8
1887,4
1888,0
1889,0
1890,0
1891,0
1892,0
1893,7
1894,7
1896,1
1898,3
1899,3
1900,3
1901,1
1902,3
1903,6
1904,3
1906,1
1907,9
1908,1
1909,9
1910,3
1911,7
1912,7
1914,7
1915,1
1916,6
1917,1
1918,7
1919,7
1920,7
1921,1
1922,3
1923,3
1924,3
1925,3
1926,3
1927,1
1928,1
1929,7
1930,6
1931,6
1932,1
1933,6
1934,3
1935,6
1936,9
1937,9
1938,9
1939,1
1940,1
1941,7
1942,1
1943,1
1944,8
1945,2
1946,9
1947,9
1948,9
1949,9
1950,9
1951,9
1954,3
1955,1
1956,1
1957,1
1958,1
1959,1
1960,1
1961,1
1962,9
1963,9
1965,1
1966,7
1967,6
1968,7
1969,7
1970,9
1971,9
1972,9
1973,9
1974,9
1975,9
1976,9
1977,9
1978,9
1979,9
1980,9
1981,9
1982,9
1983,9
1984,9
1985,7
1987,1
1989,7
1990,1
1991,1
1992,1
1993,7
1994,7
1995,7
1996,1
1997,3
1998,7
1999,1
2000,3
2001,3
2002,9
2003,7
2004,7
2005,7
2006,7
2007,3
2008,7
2009,0
2010,8
2011,8
2012,8
2013,8
2014,7
2015,3
2016,3
2019,1
2020,1
2021,7
2022,7
2023,3
2024,3
2025,3
2026,3
2027,3
2028,6
2029,3
2030,3
2031,8
2034,3
2044,3
2045,3
2046,3
2047,3
2048,9
2049,9
2050,9
2051,9
2052,9
2053,1
2054,9
2055,3
2056,1
2057,7
2058,7
2059,1
2060,7
2061,7
2062,1
2063,1
2064,7
2066,9
2067,1
2068,1
2069,3
2070,1
2071,0
2072,7
2073,9
2074,1
2075,0
2076,2
2077,9
2078,9
2079,9
2080,3
2081,7
2082,7
2083,7
2084,1
2085,1
2086,3
2087,9
2088,6
2089,6
2090,3
2091,7
2092,9
2093,9
2094,9
2095,6
2097,1
2098,1
2099,9
2100,9
2101,1
2102,7
2103,7
2104,7
2105,0
2106,0
2107,4
2108,2
2109,7
2110,7
2112,1
2113,1
2114,3
2115,3
2116,1
2117,7
2118,7
2119,9
2120,9
2121,9
2122,1
2123,1
2124,9
2125,9
2126,9
2127,9
2128,9
2129,9
2130,9
2131,9
2132,9
2133,1
2134,6
2135,3
2136,3
2137,3
2138,3
2139,3
2140,3
2141,6
2142,3
2143,4
2144,4
2145,7
2146,8
2147,7
2148,0
2149,0
2151,0
2152,0
2153,3
2154,7
2155,7
2156,7
2157,7
2158,6
2159,6
2160,9
2161,3
2162,3
2163,3
2164,3
2165,3
2166,3
2167,3
2168,3
2169,3
2170,3
2171,1
2172,9
2173,1
2174,9
2175,9
2176,9
2177,1
2178,1
2180,6
2181,6
2182,6
2183,7
2184,6
2185,6
2186,3
2187,7
2188,0
2190,6
2191,0
2193,4
2194,3
2195,4
2196,1
2197,1
2198,9
2199,6
2200,6
2201,0
2202,3
2203,6
2204,3
2205,9
2206,9
2207,9
2208,9
2209,7
2210,7
2211,9
2213,9
2214,3
2215,1
2216,8
2217,9
2218,9
2223,7
2224,7
2225,9
2226,9
2227,7
2228,9
2229,9
2231,9
2232,6
2233,3
2234,9
2235,3
2236,3
2237,3
2238,3
2239,1
2243,1
2244,1
2245,7
2246,0
2247,0
2248,0
2249,0
2250,7
2251,7
2252,7
2254,0
2255,8
2256,8
2257,1
2258,1
2259,1
2260,1
2261,9
2262,9
2263,9
2264,9
2266,5
2267,9
2268,9
2269,9
2270,9
2275,3
2276,1
2277,8
2278,8
2279,4
2280,7
2281,8
2282,8
2283,8
2284,0
2285,0
2286,7
2287,6
2288,0
2289,4
2290,8
2291,8
2293,1
2294,4
2295,4
2296,4
2297,4
2298,4
2299,1
2300,1
2301,1
2302,6
2303,3
2304,7
2305,7
2306,1
2307,7
2308,7
2309,7
2310,7
2311,9
2312,9
2313,9
2314,3
2315,9
2316,3
2317,1
2318,1
2319,1
2320,1
2321,1
2322,6
2323,8
2324,4
2325,9
2326,9
2328,1
2329,1
2330,9
2331,1
2332,1
2333,1
2334,1
2335,1
2336,1
2337,1
2338,1
2339,1
2340,6
2341,6
2342,6
2343,7
2344,3
2345,6
2346,6
2347,0
2348,6
2349,6
2350,0
2351,0
2352,9
2353,1
2354,1
2355,9
2356,1
2357,3
2358,3
2359,3
2360,3
2361,3
2362,1
2363,7
2364,3
2365,7
2366,1
2367,7
2368,7
2369,1
2370,1
2371,7
2372,7
2373,1
2374,1
2375,0
2376,1
2377,7
2378,3
2379,6
2380,9
2381,9
2382,9
2383,7
2385,3
2386,9
2387,1
2388,8
2390,7
2391,3
2392,3
2393,6
2394,8
2395,6
2396,7
2397,7
2398,7
2399,7
2400,7
2401,1
2402,1
2403,3
2405,6
2406,9
2407,6
2408,1
2409,3
2410,3
2411,1
2412,3
2413,0
2414,9
2415,1
2416,0
2417,0
2418,0
2419,0
2420,7
2421,6
2422,6
2423,6
2424,6
2425,6
2426,7
2427,9
2429,0
2430,1
2431,4
2432,4
2433,4
2434,4
2436,9
2437,9
2438,9
2439,6
2440,9
2441,6
2445,9
2447,8
2448,6
2449,8
2450,3
2451,0
2452,1
2453,1
2454,1
2455,1
2456,1
2457,9
2458,1
2459,9
2460,1
2463,6
2465,9
2466,8
2467,7
2468,6
2469,6
2470,1
2471,3
2472,3
2473,9
2474,9
2475,9
2476,3
2477,3
2478,3
2479,9
2480,0
2481,0
2482,7
2483,0
2484,6
2485,6
2486,6
2487,3
2488,1
2489,3
2490,0
2491,6
2492,6
2493,3
2494,7
2495,7
2496,7
2497,3
2498,7
2499,7
2500,3
2501,7
2502,7
2503,7
2504,8
2505,7
2506,6
2507,0
2508,9
2511,6
2512,6
2513,0
2515,0
2516,0
2517,6
2518,6
2519,6
2521,8
2522,8
2523,9
2524,9
2525,1
2526,1
2527,1
2528,1
2529,1
2530,1
2531,1
2532,1
2533,7
2534,1
2535,1
2536,9
2537,6
2538,3
2539,9
2540,6
2541,1
2542,3
2543,6
2544,6
2545,6
2547,6
2548,6
2550,0
2552,6
2553,8
2554,7
2555,0
2556,0
2557,4
2558,0
2559,0
2563,3
2564,3
2565,3
2566,3
2567,3
2568,3
2569,3
2570,0
2573,3
2574,7
2575,7
2576,7
2577,6
2578,1
2580,9
2581,9
2582,9
2583,9
2584,3
2586,3
2587,6
2588,8
2589,8
2590,1
2591,7
2592,3
2593,1
2594,9
2595,9
2596,9
2597,9
2600,9
2601,7
2602,9
2603,7
2604,7
2605,7
2606,8
2607,6
2608,6
2609,6
2610,7
2611,1
2612,9
2613,9
2614,9
2615,3
2616,9
2617,9
2618,9
2619,9
2620,7
2621,1
2622,1
2623,7
2625,7
2626,9
2627,0
2628,0
2629,1
2630,9
2631,9
2632,9
2634,0
2635,7
2636,7
2637,0
2638,0
2639,0
2640,0
2641,6
2642,6
2643,3
2644,7
2646,7
2647,3
2648,3
2649,3
2650,9
2651,1
2652,1
2653,1
2654,9
2656,1
2657,7
2658,1
2659,1
2660,9
2661,1
2662,9
2663,1
2664,1
2665,9
2666,1
2667,1
2668,1
2669,7
2670,1
2671,9
2673,0
2674,6
2675,6
2676,6
2677,6
2678,6
2679,6
2680,6
2681,6
2682,3
2683,0
2684,0
2685,0
2686,0
2687,0
2688,3
2689,3
2690,7
2691,1
2692,1
2693,1
2694,1
2695,9
2696,7
2697,7
2698,7
2699,7
2700,1
2701,9
2702,1
2703,1
2704,9
2705,9
2706,8
2707,3
2708,1
2709,7
2710,1
2711,1
2713,9
2714,1
2716,1
2717,1
2718,3
2719,8
2720,6
2722,6
2723,6
2724,7
2725,1
2726,8
2727,3
2728,9
2730,1
2731,1
2732,3
2733,1
2734,1
2735,1
2736,7
2737,1
2738,9
2739,1
2740,9
2741,9
2742,6
2743,3
2744,6
2745,1
2746,6
2747,0
2748,6
2749,1
2750,1
2751,3
2752,7
2753,1
2755,7
2756,3
2757,7
2758,7
2759,7
2760,7
2761,7
2762,1
2763,1
2764,9
2765,9
2766,9
2767,1
2768,9
2769,9
2770,1
2771,1
2772,1
2773,1
2774,9
2775,1
2776,1
2777,1
2778,1
2779,1
2780,1
2781,1
2782,7
2783,7
2784,1
2785,7
2786,3
2787,3
2788,3
2789,1
2790,7
2794,9
2795,6
2796,9
2797,9
2798,1
2799,7
2800,6
2801,6
2802,3
2803,9
2804,9
2805,9
2806,9
2807,1
2808,1
2809,1
2810,1
2811,1
2812,9
2813,7
2814,0
2815,6
2816,3
2817,0
2818,6
2819,6
2820,1
2821,6
2822,6
2823,9
2824,6
2825,3
2826,1
2827,7
2828,0
2829,3
2831,1
2832,1
2833,1
2834,1
2835,6
2836,0
2837,1
2838,8
2840,7
2841,6
2843,7
2844,0
2845,1
2846,1
2847,1
2848,1
2849,1
2850,1
2851,1
2852,7
2853,7
2854,7
2855,7
2856,1
2857,1
2858,1
2859,1
2860,9
2861,9
2862,9
2863,7
2864,9
2865,9
2866,9
2867,9
2868,1
2869,1
2870,1
2871,9
2872,9
2873,1
2874,9
2875,3
2877,7
2878,6
2879,6
2880,6
2881,6
2882,6
2883,6
2884,3
2885,3
2886,3
2887,3
2888,3
2889,1
2890,7
2891,3
2892,9
2893,9
2894,9
2895,9
2896,9
2897,9
2898,9
2899,7
2900,7
2901,9
2902,9
2903,9
2904,9
2906,1
2907,1
2908,1
2909,7
2910,1
2911,9
2912,9
2913,9
2915,4
2916,8
2917,2
2918,4
2919,6
2920,9
2921,1
2922,9
2923,9
2925,1
2926,9
2927,9
2928,9
2929,9
2930,9
2931,9
2932,9
2933,7
2934,9
2935,1
2936,1
2937,9
2938,9
2939,1
2941,9
2942,1
2943,0
2944,6
2945,0
2946,0
2947,6
2948,0
2949,0
2950,0
2951,6
2952,6
2953,6
2954,6
2955,6
2956,9
2957,9
2958,9
2960,6
2961,6
2962,6
2963,6
2964,6
2965,6
2967,0
2968,0
2969,9
2970,7
2971,7
2972,7
2973,6
2974,3
2975,3
2976,1
2977,7
2978,8
2979,3
2980,0
2984,7
2985,9
2986,0
2987,3
2988,7
2989,7
2990,9
2991,7
2993,0
2994,0
2995,0
2996,9
2997,9
3002,1
3003,7
3005,7
3006,9
3007,1
3008,1
3009,1
3011,9
3012,9
3013,9
3014,9
3015,7
3016,7
3018,7
3019,9
3020,7
3021,3
3022,1
3023,1
3024,7
3025,9
3026,9
3027,9
3028,9
3029,9
3031,9
3032,7
3034,3
3035,9
3036,7
3037,1
3038,1
3039,9
3040,3
3041,7
3042,6
3043,7
3044,7
3045,1
3046,1
3047,1
3048,1
3049,7
3050,1
3051,1
3052,3
3053,3
3054,9
3055,9
3056,1
3057,9
3060,7
3061,3
3062,7
3063,1
3064,1
3065,1
3067,1
3068,9
3070,9
3071,1
3072,9
3073,7
3074,6
3075,6
3076,3
3077,3
3078,3
3079,7
3080,3
3081,3
3082,3
3083,3
3084,3
3086,1
3088,7
3089,7
3090,7
3091,1
3092,7
3093,7
3094,7
3095,3
3096,3
3097,0
3098,0
3101,3
3102,9
3103,9
3104,9
3105,9
3106,9
3109,9
3110,8
3111,2
3112,8
3113,8
3114,8
3115,7
3116,4
3117,7
3118,7
3121,1
3122,9
3123,1
3124,9
3125,1
3126,9
3127,7
3133,9
3136,1
3137,9
3138,1
3139,1
3140,1
3141,1
3143,9
3144,9
3145,9
3146,9
3147,3
3148,1
3149,1
3151,1
3152,9
3153,9
3155,9
3156,9
3157,9
3158,9
3159,3
3160,1
3161,1
3162,1
3163,9
3164,7
3165,7
3166,9
3167,9
3168,9
3170,1
3171,1
3172,9
3173,1
3174,1
3175,9
3177,1
3180,9
3181,9
3182,1
3185,9
3186,9
3187,9
3188,9
3189,9
3190,9
3191,9
3192,9
3193,9
3194,9
3199,9
3200,7
3203,9
3204,1
3205,1
3206,7
3207,1
3208,1
3209,1
3210,1
3211,1
3212,9
3213,1
3214,1
3215,1
3216,9
3217,9
3218,0
3219,6
3220,7
3221,7
3223,1
3224,7
3225,9
3226,7
3230,9
3231,1
3232,1
3233,1
3234,1
3235,0
3237,9
3238,9
3239,9
3240,9
3241,1
3242,1
3243,7
3247,1
3248,7
3249,6
3250,7
3251,3
3252,3
3253,3
3254,6
3255,9
3256,9
3257,7
3258,9
3259,1
3260,9
3261,9
3262,3
3263,1
3264,9
3265,1
3268,3
3269,6
3270,6
3271,6
3272,9
3273,9
3274,9
3275,9
3276,9
3277,9
3278,9
3279,9
3280,6
3281,1
3282,0
3283,8
3284,8
3285,9
3286,3
3287,1
3288,7
3289,7
3290,9
3291,7
3292,7
3293,9
3294,9
3295,7
3296,0
3297,7
3298,1
3299,9
3300,8
3301,9
3302,9
3303,7
3304,3
3306,0
3307,6
3308,9
3313,1
3314,3
3315,7
3316,1
3317,1
3318,3
3319,6
3320,3
3321,3
3323,7
3324,7
3325,1
3326,3
3328,9
3331,3
3332,3
3333,7
3334,3
3335,7
3336,0
3337,9
3338,1
3339,7
3342,7
3343,1
3345,1
3348,7
3349,9
3350,9
3351,1
3352,7
3353,1
3354,1
3355,1
3356,1
3358,9
3359,9
3360,9
3361,1
3362,9
3363,9
3364,9
3365,9
3366,9
3367,9
3368,9
3369,9
3370,1
3371,1
3372,9
3373,9
3374,9
3375,9
3376,3
3377,7
3378,3
3379,6
3380,3
3381,1
3382,7
3386,0
3387,0
3388,3
3389,3
3390,9
3391,1
3394,7
3395,7
3396,7
3397,7
3398,1
3400,9
3403,7
3406,0
3407,1
3408,3
3409,3
3410,3
3411,3
3412,3
3413,3
3414,3
3415,6
3416,3
3417,7
3418,7
3419,7
3420,7
3421,1
3422,7
3423,7
3424,1
3425,6
3426,1
3427,1
3428,3
3429,1
3430,9
3431,1
3432,9
3433,9
3434,9
3435,3
3436,3
3437,3
3438,3
3439,6
3440,7
3441,7
3442,9
3443,9
3444,7
3445,7
3446,7
3447,3
3448,1
3449,1
3452,9
3453,9
3454,9
3455,1
3456,1
3457,9
3458,9
3459,9
3461,9
3462,9
3463,1
3464,1
3465,9
3466,9
3467,9
3469,9
3470,9
3471,9
3472,9
3473,9
3474,9
3475,9
3476,9
3477,9
3478,9
3479,9
3480,9
3481,8
3482,7
3483,7
3486,6
3487,3
3488,7
3489,7
3490,9
3491,9
3493,0
3494,1
3496,1
3497,3
3498,6
3500,3
3501,3
3502,1
3503,1
3504,1
3505,1
3506,9
3507,9
3508,9
3509,9
3510,9
3511,7
3512,7
3513,7
3514,7
3515,9
3516,9
3517,9
3518,9
3519,6
3520,3
3521,1
3523,3
3526,9
3527,1
3528,1
3529,1
3530,9
3531,1
3532,7
3533,9
3534,1
3535,3
3536,1
3537,9
3538,9
3539,9
3540,1
3547,9
3548,3
3549,1
3550,9
3551,0
3552,6
3553,0
3554,9
3555,9
3556,9
3557,9
3558,9
3559,9
3560,9
3562,1
3563,9
3565,9
3566,9
3567,1
3569,7
3570,1
3571,1
3573,0
3574,9
3575,1
3576,1
3577,9
3578,1
3579,1
3580,1
3582,6
3583,6
3584,3
3585,1
3586,6
3587,6
3590,9
3591,9
3592,9
3594,7
3595,7
3596,7
3597,3
3598,7
3599,1
3600,9
3601,9
3602,9
3603,3
3604,9
3605,9
3606,9
3607,3
3608,1
3609,9
3610,9
3612,3
3613,1
3619,1
3620,1
3621,1
3622,1
3623,9
3624,1
3625,1
3626,9
3627,9
3628,1
3629,9
3630,7
3631,6
3632,6
3633,7
3634,1
3635,7
3636,7
3637,1
3638,9
3639,7
3640,7
3641,7
3642,7
3643,1
3644,9
3645,7
3646,7
3647,1
3648,9
3649,1
3650,1
3651,1
3652,0
3653,1
3654,6
3655,6
3656,1
3657,7
3658,7
3659,9
3660,7
3661,1
3662,7
3663,7
3664,7
3665,1
3666,7
3667,7
3668,7
3669,7
3670,1
3672,9
3673,9
3679,3
3682,9
3683,9
3684,9
3685,9
3686,9
3687,9
3688,9
3689,9
3690,7
3691,7
3693,7
3694,7
3695,7
3696,7
3697,7
3698,3
3699,7
3700,9
3701,3
3702,7
3703,6
3704,3
3705,6
3706,3
3707,9
3708,9
3709,9
3710,9
3711,6
3712,9
3713,9
3714,9
3715,1
3716,9
3718,1
3719,9
3720,9
3721,9
3722,9
3723,9
3724,7
3725,9
3726,9
3727,1
3728,7
3729,1
3730,9
3731,7
3732,7
3733,7
3734,7
3736,7
3737,8
3738,6
3739,9
3740,9
3741,3
3742,3
3743,3
3744,7
3745,1
3746,1
3757,7
3758,1
3759,9
3760,1
3761,1
3762,1
3763,1
3764,1
3765,9
3766,9
3767,9
3768,7
3769,9
3770,9
3771,1
3772,1
3774,1
3775,3
3777,1
3778,9
3779,9
3780,1
3781,9
3782,1
3783,9
3785,9
3786,9
3787,9
3788,9
3789,9
3790,9
3792,9
3793,9
3794,1
3795,1
3796,9
3797,7
3798,3
3799,1
3800,1
3801,1
3802,9
3806,1
3808,1
3811,9
3812,9
3813,9
3814,9
3815,1
3816,1
3817,9
3818,9
3819,9
3820,9
3821,9
3822,1
3825,7
3826,9
3827,1
3828,9
3829,9
3830,3
3831,1
3838,9
3839,9
3840,9
3841,9
3846,9
3847,9
3848,9
3849,9
3850,9
3851,1
3852,1
3853,9
3854,9
3857,1
3861,9
3862,7
3863,1
3864,1
3865,1
3866,1
3871,9
3872,9
3873,1
3875,1
3876,1
3877,9
3878,9
3879,9
3880,9
3881,9
3882,9
3883,9
3884,9
3885,9
3886,9
3887,6
3890,1
3891,1
3892,1
3893,9
3896,9
3897,9
3898,9
3900,9
3901,9
3902,9
3903,9
3904,7
3906,9
3908,9
3909,1
3910,1
3911,9
3913,9
3915,7
3916,9
3917,9
3919,1
3921,9
3922,1
3923,1
3924,6
3925,9
3926,9
3927,1
3928,7
3929,7
3930,9
3932,1
3933,9
3934,9
3936,9
3937,1
3938,9
3939,1
3940,1
3941,1
3942,1
3943,9
3944,9
3946,9
3951,9
3952,9
3953,9
3955,3
3956,0
3957,1
3958,1
3959,1
3960,6
3961,6
3962,3
3964,3
3965,9
3966,1
3967,1
3968,1
3969,1
3970,1
3971,1
3972,1
3974,3
3975,1
3976,7
3977,7
3978,1
3979,1
3980,9
3981,9
3982,9
3983,9
3984,9
3985,1
3986,1
3987,9
3988,9
3989,9
3990,1
3991,9
3992,9
3993,1
3994,1
3995,1
3996,1
3997,1
3998,1
3999,1
4000,1
4001,9
4005,9
4006,9
4007,9
4008,9
4009,9
4010,9
4011,9
4012,1
4013,1
4014,1
4015,9
4016,9
4017,9
4018,1
4019,9
4020,9
4021,9
4022,9
4023,9
4024,7
4025,9
4026,9
4027,9
4028,9
4029,9
4030,9
4031,1
4032,9
4033,9
4035,3
4036,3
4037,7
4038,7
4039,1
4040,7
4041,7
4042,7
4043,9
4044,9
4045,9
4046,9
4047,9
4048,9
4049,9
4050,9
4051,9
4053,6
4054,1
4055,1
4056,9
4059,3
4060,9
4061,9
4062,1
4063,1
4064,1
4065,9
4067,9
4068,9
4069,9
4070,9
4071,9
4072,1
4074,9
4075,9
4076,9
4078,3
4079,3
4080,1
4081,7
4082,6
4084,7
4085,1
4087,1
4088,1
4089,1
4090,1
4091,1
4092,9
4093,1
4094,9
4095,9
4096,1
4097,1
4098,0
4099,0
4100,9
4101,9
4102,9
4105,1
4106,9
4108,9
4109,1
4110,9
4111,3
4112,3
4113,3
4114,1
4115,1
4116,1
4117,9
4118,9
4119,9
4120,1
4122,9
4123,3
4124,7
4125,1
4126,1
4127,1
4129,9
4130,9
4131,9
4132,9
4133,9
4134,1
4135,7
4136,9
4137,9
4138,9
4139,9
4140,9
4141,1
4142,7
4145,6
4146,1
4147,9
4148,9
4149,9
4151,9
4152,9
4153,9
4154,9
4155,9
4158,9
4159,9
4161,1
4162,9
4163,9
4164,1
4165,9
4166,1
4167,1
4168,1
4169,9
4170,9
4171,9
4172,9
4173,9
4174,9
4175,9
4176,9
4178,9
4179,9
4180,9
4181,9
4182,1
4183,1
4184,1
4185,9
4187,9
4188,9
4189,3
4191,4
4192,9
4193,1
4194,1
4195,1
4196,7
4197,6
4199,1
4200,1
4201,1
4202,1
4203,1
4204,1
4205,1
4206,9
4207,9
4208,9
4209,9
4210,9
4211,1
4212,1
4213,9
4214,9
4215,9
4216,9
4217,9
4218,9
4219,9
4220,9
4221,9
4222,9
4225,9
4227,9
4228,9
4229,9
4230,9
4231,9
4232,9
4233,9
4234,9
4235,1
4236,1
4237,1
4238,7
4239,3
4240,9
4244,1
4245,9
4246,6
4247,9
4248,9
4249,1
4250,6
4252,9
4253,9
4254,1
4257,7
4258,1
4259,3
4260,6
4261,9
4262,9
4263,9
4264,9
4265,9
4266,9
4267,7
4268,9
4269,9
4270,9
4271,9
4272,9
4273,9
4274,9
4275,9
4276,9
4277,1
4278,1
4280,9
4281,7
4282,9
4283,3
4284,9
4285,9
4286,9
4287,9
4288,9
4289,9
4290,9
4291,1
4295,9
4298,1
4301,1
4305,1
4306,1
4307,9
4308,7
4309,1
4310,7
4311,3
4312,7
4315,3
4317,1
4318,3
4319,9
4320,9
4321,9
4322,9
4323,7
4325,1
4326,1
4327,9
4328,9
4329,1
4330,9
4332,1
4333,1
4334,7
4335,9
4336,1
4339,9
4340,1
4341,9
4342,9
4344,1
4346,7
4348,1
4349,9
4351,1
4355,1
4356,9
4357,9
4358,9
4360,9
4361,9
4362,9
4363,9
4364,9
4365,9
4366,9
4367,9
4368,9
4370,9
4371,1
4372,1
4373,1
4374,9
4375,9
4376,9
4377,1
4378,9
4380,9
4385,9
4386,9
4387,9
4388,9
4389,9
4390,9
4391,9
4392,9
4393,9
4394,9
4395,9
4396,9
4397,9
4405,9
4408,1
4412,9
4413,9
4414,9
4415,9
4416,9
4417,9
4419,9
4420,9
4421,9
4422,7
4423,9
4426,9
4427,9
4428,9
4429,1
4434,7
4437,9
4438,9
4439,9
4440,9
4441,9
4442,1
4443,1
4444,9
4445,7
4446,7
4447,9
4448,9
4449,9
4450,9
4451,1
4452,9
4453,9
4454,1
4456,9
4457,9
4458,1
4459,9
4460,9
4461,9
4462,9
4463,9
4465,9
4469,9
4472,9
4473,9
4474,9
4475,9
4476,9
4477,9
4478,9
4479,9
4480,9
4481,9
4482,9
4483,9
4484,1
4485,9
4486,9
4487,9
4488,9
4489,9
4490,9
4491,9
4492,9
4494,9
4495,9
4496,9
4497,9
4498,9
4499,1
4500,1
4501,9
4502,9
4503,9
4506,9
4507,9
4508,9
4513,9
4514,9
4515,9
4516,9
4517,9
4518,9
4519,9
4520,9
4521,9
4522,9
4523,1
4524,9
4525,9
4526,9
4527,9
4528,9
4529,9
4530,9
4531,9
4532,9
4533,9
4534,9
4536,9
4538,9
4539,9
4540,9
4541,9
4542,9
4543,9
4544,1
4545,9
4546,9
4547,1
4548,9
4550,9
4551,9
4552,9
4553,9
4554,9
4555,9
4556,1
4557,9
4558,9
4559,1
4560,7
4561,9
4562,9
4563,9
4564,9
4565,9
4566,9
4567,9
4568,9
4569,9
4570,9
4572,9
4573,9
4574,9
4575,1
4576,1
4577,9
4578,1
4579,9
4580,9
4581,9
4582,9
4583,9
4584,9
4585,9
4587,1
4588,1
4589,9
4590,9
4591,9
4600,9
4603,9
4604,9
4605,9
4606,9
4607,9
4608,9
4609,9
4610,9
4611,9
4612,9
4613,9
4614,9
4615,9
4616,9
4617,9
4618,9
4619,9
4620,9
4621,9
4622,9
4623,9
4624,9
4625,9
4626,9
4627,9
4628,9
4629,9
4630,9
4631,9
4632,9
4633,9
4634,9
4635,9
4636,9
4637,9
4638,9
4640,9
4641,9
4642,9
4643,9
4644,9
4645,9
4646,9
4647,9
4648,9
4649,9
4650,9
4651,9
4652,9
4653,9
4655,1
4656,9
4657,9
4658,9
4659,9
4660,9
4662,9
4663,9
4664,9
4665,9
4668,9
4669,9
4670,9
4671,9
4672,9
4673,9
4674,9
4675,9
4676,9
4677,9
4678,9
4679,9
4685,9
4686,9
4687,9
4688,9
4689,9
4690,9
4691,9
4694,9
4695,9
4696,9
4701,1
4703,9
4704,9
4705,9
4706,9
4707,9
4708,9
4709,9
4710,9
4711,9
4712,9
4713,1
4714,9
4715,9
4717,9
4718,9
4719,9
4720,9
4721,9
4722,9
4723,9
4724,9
4725,9
4726,9
4727,9
4728,9
4729,9
4730,9
4731,9
4732,9
4733,9
4734,9
4735,9
4736,9
4737,9
4741,9
4742,9
4743,1
4744,9
4745,9
4746,9
4747,9
4748,9
4749,9
4750,9
4751,9
4752,9
4753,9
4754,9
4755,9
4756,1
4757,9
4758,9
4759,9
4760,9
4762,9
4763,9
4764,9
4766,9
4767,9
4768,1
4769,9
4770,9
4771,9
4772,9
4773,9
4774,9
4778,9
4779,9
4780,9
4781,9
4782,9
4783,9
4784,9
4785,9
4786,9
4787,9
4788,9
4789,9
4790,9
4791,9
4792,9
4793,9
4794,9
4795,9
4796,9
4797,9
4798,9
4799,9
4800,9
4801,9
4802,9
4803,9
4804,9
4805,9
4806,9
4807,9
4808,9
4809,9
4810,9
4811,9
4812,9
4813,9
4814,9
4815,9
4816,9
4817,9
4818,1
4819,9
4820,1
4822,9
4823,9
4824,9
4825,9
4826,9
4827,9
4834,1
4835,9
4836,9
4838,9
4840,9
4841,9
4842,9
4843,9
4844,9
4846,9
4847,9
4848,9
4850,9
4851,9
4852,9
4853,9
4854,9
4856,9
4857,9
4858,9
4859,1
4860,9
4861,9
4862,9
4863,9
4864,9
4865,9
4866,7
4867,9
4868,9
4870,9
4871,9
4873,9
4874,9
4875,9
4876,9
4877,9
4878,9
4879,9
4880,9
4881,9
4882,1
4883,9
4885,9
4886,9
4887,9
4888,9
4889,9
4890,9
4891,9
4892,9
4893,9
4894,9
4895,9
4896,9
4897,9
4898,9
4899,9
4900,9
4901,9
4902,9
4903,9
4905,9
4906,9
4907,9
4908,9
4909,9
4910,9
4911,9
4912,9
4914,9
4915,9
4916,9
4917,9
4918,9
4919,9
4920,9
4921,9
4922,9
4923,9
4924,9
4925,9
4927,9
4928,9
4929,9
4931,9
4932,9
4933,9
4934,9
4935,9
4936,9
4937,9
4938,9
4939,9
4940,9
4941,9
4942,9
4943,9
4944,9
4945,9
4946,9
4947,9
4948,9
4949,9
4950,9
4951,9
4952,9
4953,9
4954,9
4955,9
4956,9
4957,9
4958,9
4960,9
4962,9
4963,9
4965,9
4966,9
4967,9
4968,9
4969,9
4970,9
4971,9
4972,9
4973,9
4974,9
4975,9
4976,9
4977,9
4978,9
4979,9
4980,9
4981,9
4982,9
4983,9
4984,9
4985,0
4986,9
4987,9
4989,9
4990,9
4991,9
4992,9
4993,9
5000,9
5001,9
5002,1
5003,9
5004,9
5005,9
5006,9
5007,9
5008,9
5009,9
5010,9
5011,9
5013,9
5014,9
5015,9
5016,9
5017,9
5018,9
5019,1
5020,9
5022,9
5023,9
5026,9
5027,9
5028,9
5030,9
5031,9
5032,9
5033,9
5034,9
5035,9
5036,9
5037,9
5038,9
5039,9
5040,9
5042,9
5047,9
5048,9
5049,9
5050,9
5051,9
5052,9
5053,9
5054,9
5055,9
5056,9
5057,9
5058,9
5059,9
5060,9
5061,9
5062,9
5063,9
5064,9
5065,9
5066,9
5067,9
5068,9
5069,9
5070,9
5071,9
5072,9
5074,9
5075,9
5076,9
5077,1
5078,9
5079,9
5080,1
5081,9
5082,9
5083,9
5084,9
5086,9
5087,7
5089,7
5090,7
5091,9
5093,9
5094,9
5095,9
5096,9
5097,9
5098,9
5099,9
5100,9
5101,9
5102,9
5103,7
15000,9
15001,9
15002,9
15003,9
15004,1
15005,9
15006,9
15007,9
15008,9
15009,9
15011,9
15012,1
15014,9
15015,9
15016,1
15017,7
15018,7
15019,1
15020,3
15021,7
15022,7
15023,9
15024,7
15025,1
15026,1
15027,1
15028,1
15029,1
15030,1
15031,1
15032,1
15033,1
15034,1
15035,1
15036,1
15037,1
15038,1
15039,1
15040,9
15041,9
15042,9
15043,9
15044,3
15045,1
15046,6
15047,7
15048,7
15049,3
15050,1
15051,1
15052,9
15053,7
15054,1
15055,9
15056,9
15057,9
15058,6
15059,1
15060,1
15061,7
15062,4
15063,9
15065,9
15066,4
15067,6
15068,0
15069,9
15071,1
15072,1
15073,1
15074,1
15076,1
15077,1
15078,1
15079,3
15080,1
15081,3
15082,0
15083,3
15084,9
15085,1
15086,1
15087,0
15088,6
15089,7
15090,7
15091,1
15092,7
15093,7
15094,6
15095,1
15096,9
15097,9
15098,9
15099,9
15100,1
15101,7
15102,7
15103,7
15104,1
15105,9
15106,1
15107,7
15108,9
15109,9
15110,9
15111,9
15112,9
15113,9
15114,9
15115,9
15116,0
15117,3
15118,3
15119,3
15120,3
15121,3
15122,3
15123,3
15124,3
15125,7
15126,3
15127,7
15128,3
15129,3
15130,7
15131,7
15132,1
15133,7
15134,3
15136,7
15137,1
15138,1
15139,1
15140,9
15141,7
15142,7
15143,9
15144,1
15146,9
15147,9
15148,9
15149,1
15150,3
15151,6
15152,9
15153,1
15154,7
15156,9
15157,9
15160,7
15161,9
15162,9
15163,9
15165,9
15166,9
15167,9
15168,9
15169,9
15170,1
15171,9
15172,9
15175,0
15176,3
15177,1
15178,8
15179,7
15180,1
15181,1
15182,1
15183,7
15184,9
15185,1
15186,9
15187,1
15188,9
15189,1
15190,9
15191,9
15192,9
15193,9
15194,9
15195,9
15196,9
15198,3
15199,9
15200,7
15201,7
15202,1
15204,1
15205,1
15206,9
15207,9
15209,9
15210,9
15211,9
15212,9
15213,9
15214,7
15215,9
15216,9
15217,9
15218,9
15219,9
15221,9
15222,9
15223,7
15224,9
15225,9
15226,3
15227,9
15228,7
15229,9
15230,1
15231,1
15232,1
15233,9
15234,1
15235,9
15236,1
15237,9
15238,9
15239,9
15240,9
15241,3
15243,9
15244,3
15245,7
15246,1
15247,9
15248,7
15249,7
15250,9
15251,9
15254,9
15255,9
15256,9
15257,7
15258,7
15259,7
15260,1
15261,1
15262,1
15263,1
15264,9
15265,1
15266,7
15267,1
15268,9
15269,9
15271,9
15272,1
15273,1
15274,9
15275,9
15276,9
15277,9
15278,9
15279,9
15280,1
15281,9
15282,9
15283,9
15284,9
15285,9
15286,9
15287,9
15288,9
15289,9
15290,9
15291,9
15292,9
15293,1
15294,1
15295,9
15296,9
15297,9
15298,1
15299,1
15301,9
15302,9
15303,9
15304,9
15305,1
15307,9
15308,9
15309,9
15310,9
15311,9
15312,7
15314,9
15315,9
15316,1
15318,9
15319,9
15320,7
15321,9
15322,9
15323,9
15324,9
15325,1
15326,9
15327,9
15328,9
15329,9
15330,9
15331,9
15332,9
15333,9
15334,9
15335,9
15337,1
15338,9
15341,9
15342,9
15343,7
15344,9
15345,9
15347,9
15348,9
15349,7
15350,1
15351,7
15352,7
15353,0
15354,1
15355,1
15356,9
15357,3
15360,7
15361,1
15362,1
15363,9
15364,9
15365,9
15367,1
15368,3
15369,1
15370,9
15371,7
15372,9
15373,9
15374,9
15375,9
15376,9
15377,9
15378,9
15379,9
15380,9
15381,3
15382,8
15383,8
15384,9
15385,3
15387,1
15388,1
15389,1
15390,1
15391,1
15392,1
15393,9
15394,1
15395,1
15397,7
15398,1
15399,1
15400,1
15401,7
15402,8
15404,9
15405,9
15407,9
15408,1
15409,1
15410,9
15411,9
15412,9
15413,9
15414,9
15415,9
15416,1
15417,9
15418,9
15419,3
15420,1
15422,7
15423,9
15424,9
15425,9
15426,9
15427,9
15428,9
15430,1
15431,9
15432,9
15435,9
15436,7
15437,9
15438,9
15439,1
15440,1
15441,1
15442,1
15444,3
15445,1
15446,9
15447,9
15448,9
15449,9
15450,9
15451,9
15452,9
15453,7
15454,1
15455,6
15456,1
15457,9
15458,9
15460,9
15461,9
15462,9
15463,9
15464,3
15465,7
15466,9
15468,9
15469,1
15470,9
15471,9
15472,9
15473,9
15475,3
15477,9
15478,9
15479,9
15480,9
15481,1
15482,7
15483,9
15484,9
15485,1
15486,1
15487,1
15488,1
15489,9
15490,1
15491,1
15492,1
15493,9
15494,1
15495,1
15496,9
15497,7
15498,1
15499,1
15500,1
15501,9
15502,9
15503,9
15504,3
15505,9
15506,9
15508,9
15509,9
15510,9
15511,9
15512,1
15513,9
15514,9
15515,9
15516,3
15517,1
15518,1
15519,1
15520,1
15521,1
15522,7
15523,1
15524,9
15525,9
15526,1
15527,9
15528,3
15529,9
15530,1
15531,7
15532,9
15533,1
15534,9
15535,9
15536,9
15537,9
15539,1
15540,9
15541,9
15542,9
15543,1
15544,9
15545,9
15546,9
15547,9
15548,1
15549,9
15550,9
15551,3
15553,1
15554,1
15555,7
15556,1
15557,1
15558,7
15559,7
15560,9
15561,1
15562,9
15564,9
15565,9
15566,9
15567,1
15568,1
15569,3
15570,1
15571,1
15572,9
15573,9
15574,3
15575,9
15576,3
15577,7
15578,7
15581,9
15582,1
15585,7
15586,1
15587,1
15588,1
15589,1
15590,7
15591,9
15592,9
15593,9
15594,9
15595,9
15596,1
15597,9
15599,9
15600,7
15601,7
15602,1
15603,9
15604,7
15607,9
15608,7
15609,9
15610,9
15611,9
15612,9
15613,9
15614,9
15615,9
15617,7
15618,9
15619,9
15620,9
15621,1
15622,7
15623,7
15624,9
15628,1
15629,9
15630,7
15631,3
15633,1
15634,9
15635,6
15636,3
15637,9
15638,9
15639,9
15641,9
15642,1
15643,9
15644,9
15645,9
15646,1
15647,9
15648,1
15649,9
15650,9
15651,9
15652,9
15653,9
15654,9
15655,3
15656,9
15657,7
15658,7
15659,7
15660,7
15661,1
15662,1
15663,1
15664,1
15665,7
15666,1
15668,1
15669,1
15670,1
15671,9
15672,9
15673,9
15674,9
15676,9
15677,9
15678,9
15679,1
15680,9
15682,1
15683,9
15684,7
15685,9
15686,1
15687,1
15688,9
15689,9
15690,9
15691,9
15692,9
15693,9
15694,9
15695,9
15696,9
15697,1
15698,9
15699,9
15700,9
15701,9
15702,9
15703,7
15704,7
15705,9
15706,9
15707,7
15708,7
15709,1
15710,9
15711,9
15712,9
15713,7
15714,9
15715,9
15716,3
15717,1
15718,1
15719,1
15720,9
15721,9
15722,7
15723,9
15724,9
15725,9
15726,9
15727,9
15728,9
15729,9
15730,9
15731,6
15732,1
15733,9
15734,9
15735,9
15736,9
15737,9
15738,1
15739,1
15740,1
15741,9
15742,9
15743,7
15744,9
15745,9
15746,9
15747,9
15748,1
15749,1
15751,9
15752,9
15753,3
15754,9
15755,1
15756,9
15757,9
15758,1
15759,1
15760,1
15761,1
15762,1
15763,1
15764,9
15765,7
15766,9
15767,1
15768,1
15769,1
15770,9
15771,9
15772,9
15773,7
15774,9
15775,9
15776,1
15777,1
15778,1
15779,9
15780,7
15781,1
15782,1
15783,1
15784,9
15785,9
15786,1
15787,1
15788,9
15790,1
15791,1
15792,1
15793,1
15794,6
15795,9
15796,1
15797,9
15798,7
15800,9
15801,1
15802,9
15803,9
15804,9
15805,1
15806,9
15807,9
15808,9
15809,9
15810,1
15811,1
15812,1
15813,7
15814,8
15815,3
15816,7
15817,7
15818,9
15820,9
15821,1
15822,1
15823,1
15824,9
15825,9
15826,9
15827,9
15828,9
15829,9
15830,9
15831,9
15832,9
15833,9
15834,9
15835,9
15836,9
15837,9
15838,9
15839,9
15840,1
15841,1
15842,1
15843,9
15844,1
15845,9
15846,9
15847,9
15848,1
15849,1
15850,9
15851,9
15852,9
15853,3
15854,7
15855,6
15856,1
15857,1
15858,9
15859,9
15861,9
15862,9
15863,9
15864,9
15865,9
15866,9
15867,9
15868,9
15869,9
15870,9
15871,9
15872,1
15873,9
15874,9
15876,9
15877,7
15879,9
15880,9
15881,9
15882,9
15883,9
15884,9
15885,9
15886,9
15887,1
15888,9
15889,7
15890,9
15891,1
15892,9
15893,1
15894,9
15895,9
15896,9
15897,9
15898,7
15899,7
15900,9
15901,9
15902,9
15903,1
15904,9
15906,1
15907,9
15908,1
15909,1
15910,9
15911,9
15912,1
15915,9
15916,9
15917,9
15918,1
15919,9
15920,3
15921,7
15922,7
15924,3
15925,9
15926,1
15927,8
15928,1
15929,9
15930,1
15931,9
15932,7
15933,9
15934,9
15936,9
15937,9
15939,9
15940,9
15941,9
15942,9
15943,9
15944,9
15945,9
15946,7
15947,9
15948,9
15950,7
15951,1
15952,1
15953,9
15954,9
15955,1
15956,3
15957,9
15958,9
15959,9
15961,9
15962,9
15963,7
15965,9
15966,9
15967,3
15968,1
15969,9
15970,9
15971,9
15972,9
15973,9
15974,9
15975,9
15976,9
15977,9
15978,9
15979,1
15980,9
15981,7
15982,9
15983,1
15984,1
15985,9
15986,9
15987,9
15988,9
15989,9
15990,9
15991,9
15992,9
15993,9
15994,9
15995,9
15996,9
15997,9
15998,9
15999,1
16000,1
16001,9
16002,9
16003,9
16004,3
16005,9
16006,9
16007,1
16008,9
16009,9
16010,9
16011,9
16012,7
16013,9
16014,9
16015,9
16016,9
16017,9
16018,9
16019,9
16020,9
16021,9
16022,9
16023,9
16024,9
16025,1
16026,9
16027,9
16028,9
16029,9
16030,1
16032,1
16033,9
16034,9
16035,9
16036,9
16037,9
16041,9
16042,9
16043,9
16044,9
16045,9
16047,9
16048,1
16049,1
16050,9
16051,3
16052,1
16053,1
16054,1
16055,1
16056,9
16057,9
16058,9
16059,9
16060,9
16061,9
16062,9
16064,3
16066,9
16067,1
16068,1
16069,1
16070,1
16071,9
16072,9
16073,9
16074,9
16075,9
16076,9
16077,9
16078,9
16079,9
16080,9
16081,9
16082,9
16083,9
16084,9
16085,9
16086,9
16087,9
16088,9
16089,9
16090,9
16091,9
16092,9
16093,7
16094,1
16095,1
16097,9
16099,9
16100,9
16101,9
16102,1
16103,1
16105,1
16106,1
16107,1
16108,1
16109,1
16110,1
16111,9
16112,9
16113,9
16114,9
16115,9
16116,9
16117,9
16118,1
16119,1
16120,9
16122,9
16123,1
16124,7
16125,9
16126,9
16127,9
16129,9
16130,9
16131,9
16132,9
16133,1
16134,1
16137,9
16138,9
16140,9
16141,1
16142,1
16144,7
16145,9
16146,9
16147,1
16149,9
16150,9
16151,9
16152,9
16153,1
16154,9
16155,9
16156,1
16157,7
16158,9
16159,9
16161,9
16162,9
16163,1
16164,9
16165,9
16166,9
16167,9
16168,9
16169,1
16170,1
16171,9
16172,9
16173,1
16174,1
16175,9
16176,9
16179,9
16180,9
16181,9
16182,9
16183,9
16184,9
16185,9
16186,9
16187,9
16188,9
16189,9
16190,9
16191,9
16193,9
16195,9
16196,9
16197,9
16198,9
16199,7
16200,9
16202,1
16203,9
16204,1
16206,9
16207,1
16208,1
16209,1
16210,1
16211,9
16212,7
16214,9
16215,1
16216,9
16217,9
16218,9
16219,9
16220,9
16221,9
16222,9
16223,9
16224,9
16225,9
16226,9
16227,9
16228,9
16229,9
16230,1
16231,1
16232,9
16233,9
16234,9
16235,9
16236,9
16237,1
16238,9
16239,9
16241,1
16242,7
16243,1
16244,1
16245,7
16246,1
16247,9
16248,9
16249,9
16250,9
16251,9
16252,9
16253,9
16254,9
16255,1
16256,9
16257,9
16258,7
16259,9
16260,7
16261,1
16262,3
16263,7
16264,9
16265,9
16266,1
16267,1
16268,1
16269,1
16270,6
16272,9
16273,9
16275,7
16276,1
16277,9
16278,9
16279,7
16280,1
16281,7
16282,1
16283,1
16284,1
16285,9
16286,1
16288,9
16289,9
16290,9
16291,9
16292,1
16293,1
16294,1
16295,9
16296,9
16297,1
16298,7
16299,1
16300,7
16301,6
16303,9
16304,9
16305,3
16306,9
16307,9
16308,9
16309,1
16311,9
16313,1
16314,1
16315,9
16316,9
16317,9
16318,9
16319,9
16320,1
16322,9
16323,9
16324,9
16325,9
16326,9
16327,9
16328,9
16329,9
16330,9
16331,9
16333,9
16334,9
16335,9
16336,9
16337,9
16338,9
16339,1
16340,1
16341,1
16342,7
16344,9
16345,9
16346,7
16347,7
16348,0
16349,9
16350,9
16351,9
16352,1
16353,1
16354,9
16356,9
16357,9
16358,9
16359,9
16360,9
16361,1
16362,9
16363,9
16364,9
16365,9
16366,9
16367,9
16368,1
16369,1
16370,9
16371,9
16373,1
16374,9
16375,1
16377,9
16378,9
16379,1
16380,9
16381,1
16382,9
16383,1
16384,1
16385,9
16386,9
16387,9
16388,1
16389,9
16390,9
16391,9
16393,9
16394,9
16396,9
16397,7
16398,9
16399,9
16400,9
16402,1
16404,9
16405,1
16406,9
16407,1
16408,9
16409,6
16410,1
16411,9
16412,7
16413,9
16414,9
16416,9
16417,9
16418,9
16419,9
16420,9
16421,1
16422,9
16423,9
16424,9
16426,9
16427,9
16428,9
16429,9
16430,9
16432,9
16433,1
16434,9
16435,9
16436,9
16438,1
16439,9
16441,1
16442,1
16443,1
16444,9
16447,9
16448,9
16449,9
16450,1
16451,9
16452,1
16453,1
16454,7
16455,1
16456,1
16457,1
16458,1
16459,9
16460,1
16461,9
16462,9
16463,9
16464,1
16465,9
16466,9
16468,1
16469,9
16470,9
16471,9
16472,7
16473,9
16476,9
16477,9
16478,9
16479,9
16480,9
16481,9
16482,9
16483,9
16484,9
16485,9
16486,9
16487,9
16488,9
16489,9
16490,9
16491,1
16492,1
16493,9
16494,9
16495,9
16496,9
16497,9
16498,9
16499,9
16500,9
16501,9
16502,9
16503,9
16504,9
16505,1
16506,7
16507,1
16508,7
16510,1
16511,1
16512,3
16514,9
16515,9
16516,1
16517,1
16520,1
16521,9
16522,9
16524,9
16525,9
16526,9
16528,9
16529,9
16530,1
16531,9
16532,9
16533,9
16534,9
16535,9
16536,9
16537,9
16538,9
16539,1
16540,9
16541,9
16543,9
16544,9
16545,9
16546,9
16547,9
16548,9
16549,9
16550,9
16551,9
16552,9
16553,9
16554,9
16555,9
16556,9
16557,9
16558,1
16559,9
16560,9
16561,1
16564,9
16565,9
16566,9
16567,9
16568,7
16569,9
16570,9
16571,9
16572,1
16574,1
16575,9
16576,9
16577,9
16578,9
16579,9
16581,9
16582,7
16583,9
16584,9
16585,9
16586,9
16587,9
16588,1
16589,9
16590,1
16591,9
16592,9
16593,9
16594,9
16595,9
16596,9
16597,9
16599,9
16600,1
16601,1
16602,9
16603,9
16604,9
16605,9
16606,9
16607,9
16608,9
16609,9
16611,9
16612,9
16614,9
16615,9
16616,9
16617,9
16618,9
16619,9
16620,9
16621,9
16623,9
16624,9
16625,9
16627,9
16629,9
16630,9
16631,9
16632,9
16633,9
16637,9
16653,9
16661,9
16662,9
16677,9
16681,9
16682,9
16683,9
16685,9
16686,9
16688,9
16689,9
16691,9
16693,9
16694,9
16696,9
16698,9
16700,9
16701,9
16702,9
16705,9
16706,1
16707,9
16710,1
16715,9
16718,9
16723,9
16731,9
16733,9
16734,9
16737,9
16738,9
16744,9
16745,1
16746,9
16747,9
16750,9
16751,9
16752,9
16753,1
16755,9
16758,9
16759,1
16760,9
16761,9
16763,9
16777,9
16778,9
16779,9
16780,9
16782,9
16784,9
16786,9
16789,1
16790,9
16791,9
16793,9
16795,9
16797,9
16800,9
16805,9
16806,9
16807,9
16808,9
16809,9
16810,9
16811,9
16812,9
16815,1
16817,9
16819,1
16820,9
16823,1
16825,9
16826,1
16827,9
16828,9
16829,9
16832,9
16833,9
16835,1
16836,1
16838,9
16839,9
16840,9
16841,9
16844,9
16845,9
16853,9
16854,9
16856,9
16857,9
16858,9
16859,9
16860,9
16861,9
16862,9
16864,7
16865,9
16866,9
16867,9
16868,9
16875,9
16879,9
16880,9
16882,9
16883,9
16887,9
16889,9
16896,9
16897,9
16900,9
16901,9
16905,9
16907,9
16908,9
16909,1
16915,9
16916,9
16917,9
16918,7
16920,9
16923,9
16924,9
16926,9
16927,9
16929,9
16931,9
16932,9
16933,9
16934,9
16935,9
16936,9
16937,9
16939,9
16942,1
16943,9
16944,9
16945,1
16947,1
16948,1
16949,1
16950,1
16951,9
16952,9
16953,9
16954,9
16955,9
16957,9
16958,9
16960,9
16962,1
16963,9
16965,7
16966,1
16968,1
16969,9
16970,9
16971,9
16972,9
16973,9
16974,9
16975,9
16976,9
16977,9
16982,9
16984,9
16985,9
16986,9
16987,9
16989,1
16990,9
16991,9
16992,1
16993,9
16994,9
16995,9
16996,9
16997,9
16998,9
16999,9
17000,9
17001,9
17002,9
17003,9
17004,9
17005,9
17006,9
17007,9
17008,9
17009,9
17010,7
17011,9
17014,9
17015,9
17016,9
17017,9
17018,9
17019,9
17021,9
17022,9
17023,9
17024,9
17025,1
17026,1
17027,1
17028,9
17029,9
17030,9
17031,9
17032,9
17033,9
17034,9
17035,9
17036,9
17037,9
17038,9
17039,9
17040,9
17041,9
17042,9
17043,9
17044,9
17045,9
17046,9
17047,9
17048,9
17049,9
17050,9
17051,9
17052,9
17053,9
17054,9
17055,9
17056,9
17057,9
17058,9
17059,9
17060,9
17061,9
17062,9
17063,9
17064,9
17066,9
17067,9
17068,9
17069,9
17070,9
17071,9
17072,9
17073,9
17074,9
17075,9
17077,9
17079,9
17080,9
17081,9
17082,9
17083,9
17084,9
17085,9
17086,9
17087,9
17088,9
17089,9
17090,9
17091,1
17092,9
17096,9
17097,9
17098,9
17099,1
17100,1
17102,9
17103,9
17104,9
17105,9
17106,9
17107,9
17109,9
17111,9
17112,9
17113,9
17114,9
